record_id,redcap_event_name,redcap_repeat_instrument,redcap_repeat_instance,PID,texi_lengthy,texi_middle,texi_thinking,texi_allowed,texi_several,texi_laughing,texi_stuck,texi_forget,texi_planning,texi_stoplike,texi_shown,texi_steps,texi_motivation,texi_distracted,texi_stopasked,texi_lastminute
10,visit_1_y1_arm_1,,,2002,,,,,,,,,,,,,,,,
10,athome_measures_y1_arm_1,,,,1,1,3,1,4,1,4,3,2,4,4,4,2,2,2,3
13,visit_1_y1_arm_1,,,2005,,,,,,,,,,,,,,,,
13,athome_measures_y1_arm_1,,,,3,4,3,2,3,3,3,3,3,2,3,2,4,5,2,3
15,visit_1_y1_arm_1,,,,,,,,,,,,,,,,,,,
18,visit_1_y1_arm_1,,,2001,,,,,,,,,,,,,,,,
18,athome_measures_y1_arm_1,,,,2,2,3,1,3,4,2,2,2,4,4,2,3,5,1,4
22,visit_1_y1_arm_1,,,2004,,,,,,,,,,,,,,,,
22,athome_measures_y1_arm_1,,,,1,2,1,1,2,3,1,2,1,1,1,1,3,2,1,2
23,visit_1_y1_arm_1,,,2003,,,,,,,,,,,,,,,,
23,athome_measures_y1_arm_1,,,,1,1,1,1,1,1,1,1,1,3,1,1,5,3,1,3
24,visit_1_y1_arm_1,,,3001,,,,,,,,,,,,,,,,
24,athome_measures_y1_arm_1,,,,4,3,2,2,4,2,2,4,1,3,3,3,4,4,2,3
33,visit_1_y1_arm_1,,,3002,,,,,,,,,,,,,,,,
33,athome_measures_y1_arm_1,,,,2,2,3,3,3,4,3,2,1,2,2,2,4,3,2,3
36,visit_1_y1_arm_1,,,3006,,,,,,,,,,,,,,,,
38,visit_1_y1_arm_1,,,3004,,,,,,,,,,,,,,,,
38,athome_measures_y1_arm_1,,,,3,2,2,2,2,2,3,3,2,3,3,2,4,4,3,4
40,visit_1_y1_arm_1,,,3005,,,,,,,,,,,,,,,,
46,visit_1_y1_arm_1,,,1001,,,,,,,,,,,,,,,,
46,athome_measures_y1_arm_1,,,,3,3,3,3,3,3,3,3,3,4,3,2,2,3,2,2
47,visit_1_y1_arm_1,,,1002,,,,,,,,,,,,,,,,
47,athome_measures_y1_arm_1,,,,2,3,4,2,3,2,3,3,2,1,2,2,2,3,3,2
48,visit_1_y1_arm_1,,,2006,,,,,,,,,,,,,,,,
48,athome_measures_y1_arm_1,,,,1,1,1,1,2,2,1,1,1,2,1,1,2,2,1,1
57,visit_1_y1_arm_1,,,1005,,,,,,,,,,,,,,,,
57,athome_measures_y1_arm_1,,,,2,3,1,1,3,1,2,3,1,1,2,2,1,1,1,2
63,visit_1_y1_arm_1,,,1006,,,,,,,,,,,,,,,,
63,athome_measures_y1_arm_1,,,,3,3,4,2,4,2,3,4,3,3,2,2,2,3,2,3
75,visit_1_y1_arm_1,,,1018,,,,,,,,,,,,,,,,
75,athome_measures_y1_arm_1,,,,2,3,3,3,4,3,2,3,2,4,3,3,3,4,2,2
76,visit_1_y1_arm_1,,,1011,,,,,,,,,,,,,,,,
76,athome_measures_y1_arm_1,,,,3,2,2,3,3,1,3,3,2,3,2,3,3,3,2,1
84,visit_1_y1_arm_1,,,3007,,,,,,,,,,,,,,,,
84,athome_measures_y1_arm_1,,,,4,3,4,1,5,5,3,5,3,3,3,1,2,3,1,1
96,visit_1_y1_arm_1,,,1009,,,,,,,,,,,,,,,,
96,athome_measures_y1_arm_1,,,,4,3,3,2,4,2,2,3,2,3,1,2,4,3,3,3
115,visit_1_y1_arm_1,,,1017,,,,,,,,,,,,,,,,
115,athome_measures_y1_arm_1,,,,2,2,3,2,2,2,2,2,2,2,2,2,2,2,2,4
116,visit_1_y1_arm_1,,,1003,,,,,,,,,,,,,,,,
116,athome_measures_y1_arm_1,,,,1,1,3,3,4,3,2,3,2,2,3,2,4,3,2,3
117,visit_1_y1_arm_1,,,2007,,,,,,,,,,,,,,,,
117,athome_measures_y1_arm_1,,,,2,2,1,2,3,5,3,3,1,2,3,2,3,2,2,3
126,visit_1_y1_arm_1,,,2008,,,,,,,,,,,,,,,,
127,visit_1_y1_arm_1,,,1007,,,,,,,,,,,,,,,,
127,athome_measures_y1_arm_1,,,,2,3,2,1,3,2,3,3,2,2,2,2,2,2,2,1
132,visit_1_y1_arm_1,,,1014,,,,,,,,,,,,,,,,
132,athome_measures_y1_arm_1,,,,2,2,2,1,1,5,1,3,4,5,1,2,3,3,3,4
133,visit_1_y1_arm_1,,,1008,,,,,,,,,,,,,,,,
133,athome_measures_y1_arm_1,,,,3,3,5,4,5,5,3,4,3,4,4,4,4,5,5,5
136,visit_1_y1_arm_1,,,1010,,,,,,,,,,,,,,,,
145,visit_1_y1_arm_1,,,3003,,,,,,,,,,,,,,,,
145,athome_measures_y1_arm_1,,,,4,5,1,1,5,3,2,5,1,5,5,5,5,5,4,5
149,visit_1_y1_arm_1,,,3008,,,,,,,,,,,,,,,,
149,athome_measures_y1_arm_1,,,,4,3,2,3,4,5,2,4,3,5,4,3,4,4,3,5
153,visit_1_y1_arm_1,,,1004,,,,,,,,,,,,,,,,
153,athome_measures_y1_arm_1,,,,3,3,5,5,4,5,4,4,2,4,2,3,3,5,5,5
155,visit_1_y1_arm_1,,,1015,,,,,,,,,,,,,,,,
155,athome_measures_y1_arm_1,,,,1,5,2,1,3,5,1,5,3,2,2,1,1,1,2,5
160,visit_1_y1_arm_1,,,1013,,,,,,,,,,,,,,,,
167,visit_1_y1_arm_1,,,3009,,,,,,,,,,,,,,,,
167,athome_measures_y1_arm_1,,,,3,3,2,1,4,4,1,4,1,2,3,2,4,3,2,3
168,visit_1_y1_arm_1,,,,,,,,,,,,,,,,,,,
169,visit_1_y1_arm_1,,,1012,,,,,,,,,,,,,,,,
169,athome_measures_y1_arm_1,,,,3,3,3,3,4,4,4,4,3,3,3,3,3,3,3,4
170,visit_1_y1_arm_1,,,2009,,,,,,,,,,,,,,,,
170,athome_measures_y1_arm_1,,,,2,3,2,2,3,3,2,2,2,3,2,2,2,2,3,3
172,visit_1_y1_arm_1,,,3010,,,,,,,,,,,,,,,,
172,athome_measures_y1_arm_1,,,,1,1,4,1,1,3,3,1,1,2,2,1,1,1,1,1
180,visit_1_y1_arm_1,,,1016,,,,,,,,,,,,,,,,
180,athome_measures_y1_arm_1,,,,4,2,2,1,3,5,1,5,2,2,1,2,4,3,2,1
184,visit_1_y1_arm_1,,,3017,,,,,,,,,,,,,,,,
184,athome_measures_y1_arm_1,,,,2,2,2,2,4,5,4,4,2,5,3,2,4,3,3,4
206,visit_1_y1_arm_1,,,3014,,,,,,,,,,,,,,,,
206,athome_measures_y1_arm_1,,,,4,4,2,3,4,5,3,2,1,5,4,3,5,5,2,2
214,visit_1_y1_arm_1,,,3011,,,,,,,,,,,,,,,,
214,athome_measures_y1_arm_1,,,,2,2,2,2,2,3,2,2,1,4,3,2,2,2,2,1
218,visit_1_y1_arm_1,,,3012,,,,,,,,,,,,,,,,
227,visit_1_y1_arm_1,,,3013,,,,,,,,,,,,,,,,
227,athome_measures_y1_arm_1,,,,3,5,2,2,3,5,2,4,2,5,3,2,5,5,3,4
230,visit_1_y1_arm_1,,,3016,,,,,,,,,,,,,,,,
237,visit_1_y1_arm_1,,,3018,,,,,,,,,,,,,,,,
237,athome_measures_y1_arm_1,,,,4,4,2,2,4,5,4,3,3,5,4,3,5,5,3,5
242,visit_1_y1_arm_1,,,3020,,,,,,,,,,,,,,,,
242,athome_measures_y1_arm_1,,,,1,1,1,2,1,1,1,1,2,2,2,2,3,3,2,2
243,visit_1_y1_arm_1,,,3022,,,,,,,,,,,,,,,,
243,athome_measures_y1_arm_1,,,,1,1,1,1,1,3,1,1,1,3,1,2,2,3,1,1
248,visit_1_y1_arm_1,,,3015,,,,,,,,,,,,,,,,
248,athome_measures_y1_arm_1,,,,2,2,2,1,2,4,3,3,2,4,3,2,3,2,2,3
252,visit_1_y1_arm_1,,,3043,,,,,,,,,,,,,,,,
252,athome_measures_y1_arm_1,,,,3,4,3,3,4,3,2,3,2,3,2,2,3,2,2,2
254,visit_1_y1_arm_1,,,3021,,,,,,,,,,,,,,,,
259,visit_1_y1_arm_1,,,3019,,,,,,,,,,,,,,,,
259,athome_measures_y1_arm_1,,,,3,3,2,2,2,4,3,3,3,5,3,2,5,4,2,5
260,visit_1_y1_arm_1,,,3055,,,,,,,,,,,,,,,,
260,athome_measures_y1_arm_1,,,,4,3,2,2,3,3,2,3,2,3,3,3,4,4,2,3
264,visit_1_y1_arm_1,,,3044,,,,,,,,,,,,,,,,
264,athome_measures_y1_arm_1,,,,3,3,3,2,3,3,3,4,3,3,3,3,3,3,2,3
274,visit_1_y1_arm_1,,,3041,,,,,,,,,,,,,,,,
274,athome_measures_y1_arm_1,,,,4,3,3,2,4,5,2,2,2,5,5,3,4,5,2,2
276,visit_1_y1_arm_1,,,3039,,,,,,,,,,,,,,,,
276,athome_measures_y1_arm_1,,,,3,4,3,3,4,4,3,4,2,3,3,3,4,3,3,3
285,visit_1_y1_arm_1,,,3050,,,,,,,,,,,,,,,,
285,athome_measures_y1_arm_1,,,,1,3,3,1,2,3,1,3,1,5,3,1,3,5,1,5
286,visit_1_y1_arm_1,,,3030,,,,,,,,,,,,,,,,
286,athome_measures_y1_arm_1,,,,3,2,2,2,3,4,3,3,2,3,3,3,3,3,2,5
287,visit_1_y1_arm_1,,,3023,,,,,,,,,,,,,,,,
287,athome_measures_y1_arm_1,,,,3,2,2,1,2,4,3,2,2,4,5,5,4,4,2,3
291,visit_1_y1_arm_1,,,3045,,,,,,,,,,,,,,,,
291,athome_measures_y1_arm_1,,,,3,4,4,4,3,4,3,3,5,5,3,3,4,5,4,5
300,visit_1_y1_arm_1,,,3032,,,,,,,,,,,,,,,,
300,athome_measures_y1_arm_1,,,,2,2,2,2,3,4,2,4,2,2,3,3,2,2,2,2
301,visit_1_y1_arm_1,,,3054,,,,,,,,,,,,,,,,
301,athome_measures_y1_arm_1,,,,3,3,2,2,4,4,4,3,2,4,4,2,2,2,2,5
305,visit_1_y1_arm_1,,,3059,,,,,,,,,,,,,,,,
305,athome_measures_y1_arm_1,,,,2,3,1,2,2,4,1,2,2,2,1,2,5,3,4,2
306,visit_1_y1_arm_1,,,3061,,,,,,,,,,,,,,,,
306,athome_measures_y1_arm_1,,,,3,2,2,2,3,3,4,3,1,2,4,3,2,2,1,2
309,visit_1_y1_arm_1,,,3053,,,,,,,,,,,,,,,,
309,athome_measures_y1_arm_1,,,,4,4,2,2,3,4,2,4,2,4,5,3,4,5,2,4
311,visit_1_y1_arm_1,,,3037,,,,,,,,,,,,,,,,
311,athome_measures_y1_arm_1,,,,5,4,1,1,4,4,5,5,5,5,4,4,5,5,5,4
320,visit_1_y1_arm_1,,,3046,,,,,,,,,,,,,,,,
320,athome_measures_y1_arm_1,,,,2,2,3,2,3,4,2,3,2,3,1,2,4,4,2,4
322,visit_1_y1_arm_1,,,3058,,,,,,,,,,,,,,,,
322,athome_measures_y1_arm_1,,,,2,2,4,3,3,5,2,3,2,1,1,2,5,3,2,3
328,visit_1_y1_arm_1,,,3034,,,,,,,,,,,,,,,,
328,athome_measures_y1_arm_1,,,,2,3,2,1,4,3,3,3,4,4,4,3,4,3,1,5
330,visit_1_y1_arm_1,,,3062,,,,,,,,,,,,,,,,
330,athome_measures_y1_arm_1,,,,4,3,3,3,3,3,3,3,2,4,3,2,4,3,3,4
332,visit_1_y1_arm_1,,,3052,,,,,,,,,,,,,,,,
334,visit_1_y1_arm_1,,,3031,,,,,,,,,,,,,,,,
334,athome_measures_y1_arm_1,,,,5,4,4,2,3,5,4,2,1,4,4,4,3,2,3,1
336,visit_1_y1_arm_1,,,3038,,,,,,,,,,,,,,,,
336,athome_measures_y1_arm_1,,,,5,5,5,3,4,2,4,4,5,5,5,2,5,5,2,4
339,visit_1_y1_arm_1,,,1021,,,,,,,,,,,,,,,,
339,athome_measures_y1_arm_1,,,,4,4,3,1,4,4,4,3,4,5,4,3,3,3,3,4
350,visit_1_y1_arm_1,,,3036,,,,,,,,,,,,,,,,
350,athome_measures_y1_arm_1,,,,3,2,1,2,2,1,4,4,1,3,3,2,3,3,2,2
360,visit_1_y1_arm_1,,,3029,,,,,,,,,,,,,,,,
360,athome_measures_y1_arm_1,,,,5,5,5,5,5,5,4,4,5,4,4,4,4,4,3,4
361,visit_1_y1_arm_1,,,3049,,,,,,,,,,,,,,,,
361,athome_measures_y1_arm_1,,,,5,4,1,1,5,2,2,5,2,5,3,2,4,5,2,4
362,visit_1_y1_arm_1,,,3024,,,,,,,,,,,,,,,,
362,athome_measures_y1_arm_1,,,,3,2,2,2,2,3,3,3,3,2,3,2,3,3,2,3
364,visit_1_y1_arm_1,,,3026,,,,,,,,,,,,,,,,
364,athome_measures_y1_arm_1,,,,4,4,4,4,4,4,4,4,3,3,3,3,3,3,3,3
366,visit_1_y1_arm_1,,,3028,,,,,,,,,,,,,,,,
366,athome_measures_y1_arm_1,,,,4,3,1,1,3,4,2,3,2,4,4,4,4,4,1,3
370,visit_1_y1_arm_1,,,3027,,,,,,,,,,,,,,,,
370,athome_measures_y1_arm_1,,,,3,3,3,3,4,2,4,4,4,5,2,3,5,4,3,5
373,visit_1_y1_arm_1,,,3025,,,,,,,,,,,,,,,,
373,athome_measures_y1_arm_1,,,,4,5,5,5,4,4,2,5,5,5,3,2,5,5,3,5
379,visit_1_y1_arm_1,,,3048,,,,,,,,,,,,,,,,
379,athome_measures_y1_arm_1,,,,2,3,2,1,4,3,4,5,1,5,3,3,4,5,2,3
380,visit_1_y1_arm_1,,,3033,,,,,,,,,,,,,,,,
380,athome_measures_y1_arm_1,,,,2,2,3,1,2,3,3,2,1,3,2,1,3,3,1,3
384,visit_1_y1_arm_1,,,3040,,,,,,,,,,,,,,,,
384,athome_measures_y1_arm_1,,,,4,4,4,3,4,4,1,4,4,4,3,3,5,4,1,5
385,visit_1_y1_arm_1,,,3035,,,,,,,,,,,,,,,,
385,athome_measures_y1_arm_1,,,,5,5,4,4,5,4,4,5,3,4,3,3,5,5,4,4
386,visit_1_y1_arm_1,,,3057,,,,,,,,,,,,,,,,
386,athome_measures_y1_arm_1,,,,4,3,1,2,3,4,3,4,3,4,3,3,3,3,2,2
391,visit_1_y1_arm_1,,,3056,,,,,,,,,,,,,,,,
391,athome_measures_y1_arm_1,,,,5,4,3,2,2,4,4,4,4,5,4,2,5,5,2,5
393,visit_1_y1_arm_1,,,1019,,,,,,,,,,,,,,,,
393,athome_measures_y1_arm_1,,,,3,2,4,4,5,3,2,3,1,4,5,2,5,3,4,3
395,visit_1_y1_arm_1,,,1020,,,,,,,,,,,,,,,,
395,athome_measures_y1_arm_1,,,,4,4,2,4,4,4,3,3,4,2,3,3,4,3,3,2
398,visit_1_y1_arm_1,,,3064,,,,,,,,,,,,,,,,
398,athome_measures_y1_arm_1,,,,3,3,2,1,3,3,3,3,3,5,4,3,4,5,3,5
405,visit_1_y1_arm_1,,,3042,,,,,,,,,,,,,,,,
405,athome_measures_y1_arm_1,,,,4,2,1,2,4,1,4,3,3,4,2,2,4,4,4,4
406,visit_1_y1_arm_1,,,3047,,,,,,,,,,,,,,,,
406,athome_measures_y1_arm_1,,,,4,4,1,2,3,2,4,4,1,5,4,2,4,4,1,5
407,visit_1_y1_arm_1,,,3051,,,,,,,,,,,,,,,,
407,athome_measures_y1_arm_1,,,,3,3,2,2,3,2,1,3,2,3,3,3,3,3,3,3
412,visit_1_y1_arm_1,,,3114,,,,,,,,,,,,,,,,
412,athome_measures_y1_arm_1,,,,3,3,4,2,3,5,2,4,3,5,3,3,5,5,3,5
415,visit_1_y1_arm_1,,,3063,,,,,,,,,,,,,,,,
415,athome_measures_y1_arm_1,,,,4,5,1,2,4,1,3,4,1,5,2,2,3,5,1,5
416,visit_1_y1_arm_1,,,3065,,,,,,,,,,,,,,,,
416,athome_measures_y1_arm_1,,,,1,1,3,2,2,5,1,2,1,3,1,1,1,2,2,1
419,visit_1_y1_arm_1,,,3074,,,,,,,,,,,,,,,,
419,athome_measures_y1_arm_1,,,,3,3,2,2,4,5,2,3,2,3,5,1,4,2,1,3
420,visit_1_y1_arm_1,,,3068,,,,,,,,,,,,,,,,
420,athome_measures_y1_arm_1,,,,4,4,2,3,3,4,4,4,4,4,4,3,3,3,2,4
426,visit_1_y1_arm_1,,,3067,,,,,,,,,,,,,,,,
426,athome_measures_y1_arm_1,,,,5,4,2,4,3,2,1,3,2,4,4,4,3,4,2,5
430,visit_1_y1_arm_1,,,3066,,,,,,,,,,,,,,,,
430,athome_measures_y1_arm_1,,,,3,3,3,3,3,2,2,5,3,5,3,2,4,3,3,5
432,visit_1_y1_arm_1,,,2010,,,,,,,,,,,,,,,,
433,visit_1_y1_arm_1,,,3060,,,,,,,,,,,,,,,,
436,visit_1_y1_arm_1,,,3071,,,,,,,,,,,,,,,,
436,athome_measures_y1_arm_1,,,,4,4,1,3,4,4,1,4,2,4,4,4,4,4,4,4
442,visit_1_y1_arm_1,,,3095,,,,,,,,,,,,,,,,
442,athome_measures_y1_arm_1,,,,2,2,2,2,2,4,1,1,2,2,1,2,3,3,2,3
457,visit_1_y1_arm_1,,,3078,,,,,,,,,,,,,,,,
457,athome_measures_y1_arm_1,,,,3,3,2,1,2,3,1,3,4,3,2,2,3,4,2,4
458,visit_1_y1_arm_1,,,3088,,,,,,,,,,,,,,,,
458,athome_measures_y1_arm_1,,,,5,5,5,3,5,5,1,3,4,4,4,3,5,5,1,5
459,visit_1_y1_arm_1,,,3079,,,,,,,,,,,,,,,,
459,athome_measures_y1_arm_1,,,,5,4,2,3,3,2,2,3,2,3,4,4,3,3,2,3
461,visit_1_y1_arm_1,,,3111,,,,,,,,,,,,,,,,
461,athome_measures_y1_arm_1,,,,3,3,3,3,3,3,3,3,3,3,3,3,4,3,3,2
463,visit_1_y1_arm_1,,,3075,,,,,,,,,,,,,,,,
463,athome_measures_y1_arm_1,,,,2,2,1,1,2,2,2,2,2,4,2,2,2,3,2,1
464,visit_1_y1_arm_1,,,3080,,,,,,,,,,,,,,,,
464,athome_measures_y1_arm_1,,,,2,2,2,1,3,2,3,2,2,2,3,2,2,2,1,2
470,visit_1_y1_arm_1,,,3082,,,,,,,,,,,,,,,,
470,athome_measures_y1_arm_1,,,,3,4,3,2,5,2,3,5,4,4,2,3,4,5,3,4
471,visit_1_y1_arm_1,,,3083,,,,,,,,,,,,,,,,
471,athome_measures_y1_arm_1,,,,4,3,2,3,3,3,4,3,2,3,3,3,3,3,2,4
472,visit_1_y1_arm_1,,,3087,,,,,,,,,,,,,,,,
472,athome_measures_y1_arm_1,,,,4,3,1,1,3,3,1,5,1,3,5,2,1,1,1,1
473,visit_1_y1_arm_1,,,3081,,,,,,,,,,,,,,,,
473,athome_measures_y1_arm_1,,,,2,2,2,2,3,3,2,3,2,4,3,2,4,4,2,3
474,visit_1_y1_arm_1,,,3089,,,,,,,,,,,,,,,,
474,athome_measures_y1_arm_1,,,,3,2,2,2,2,3,2,3,2,5,3,3,4,4,2,5
487,visit_1_y1_arm_1,,,3084,,,,,,,,,,,,,,,,
487,athome_measures_y1_arm_1,,,,4,4,2,3,4,2,4,4,2,2,3,2,3,2,2,4
489,visit_1_y1_arm_1,,,3097,,,,,,,,,,,,,,,,
489,athome_measures_y1_arm_1,,,,3,2,4,4,3,5,3,3,4,5,4,3,5,5,4,3
490,visit_1_y1_arm_1,,,3073,,,,,,,,,,,,,,,,
490,athome_measures_y1_arm_1,,,,4,3,1,1,2,3,3,2,2,3,3,2,3,2,1,3
493,visit_1_y1_arm_1,,,3085,,,,,,,,,,,,,,,,
493,athome_measures_y1_arm_1,,,,2,2,1,3,4,3,2,3,2,5,3,2,4,4,3,5
497,visit_1_y1_arm_1,,,3090,,,,,,,,,,,,,,,,
497,athome_measures_y1_arm_1,,,,2,3,2,1,2,5,3,2,3,5,2,2,5,5,2,5
498,visit_1_y1_arm_1,,,3076,,,,,,,,,,,,,,,,
498,athome_measures_y1_arm_1,,,,2,3,2,1,2,1,2,4,1,2,2,2,2,2,1,1
500,visit_1_y1_arm_1,,,3069,,,,,,,,,,,,,,,,
500,athome_measures_y1_arm_1,,,,4,3,2,1,5,3,4,5,4,4,5,4,4,2,2,3
502,visit_1_y1_arm_1,,,3096,,,,,,,,,,,,,,,,
502,athome_measures_y1_arm_1,,,,3,3,4,1,3,3,4,3,2,4,3,3,4,4,2,3
503,visit_1_y1_arm_1,,,3110,,,,,,,,,,,,,,,,
503,athome_measures_y1_arm_1,,,,2,3,2,2,2,2,3,2,2,3,2,2,4,3,2,3
505,visit_1_y1_arm_1,,,3115,,,,,,,,,,,,,,,,
505,athome_measures_y1_arm_1,,,,4,4,2,2,4,5,2,5,4,3,3,3,3,3,2,4
507,visit_1_y1_arm_1,,,1022,,,,,,,,,,,,,,,,
507,athome_measures_y1_arm_1,,,,1,1,1,1,1,1,1,1,1,1,1,1,1,1,1,1
508,visit_1_y1_arm_1,,,1023,,,,,,,,,,,,,,,,
508,athome_measures_y1_arm_1,,,,1,1,1,1,1,1,1,1,1,1,1,1,1,1,1,1
509,visit_1_y1_arm_1,,,1024,,,,,,,,,,,,,,,,
509,athome_measures_y1_arm_1,,,,3,2,1,1,3,1,1,1,1,3,1,1,1,1,1,1
510,visit_1_y1_arm_1,,,1025,,,,,,,,,,,,,,,,
510,athome_measures_y1_arm_1,,,,1,1,1,1,1,1,1,1,1,1,1,1,1,1,1,1
511,visit_1_y1_arm_1,,,1026,,,,,,,,,,,,,,,,
511,athome_measures_y1_arm_1,,,,1,1,1,1,1,1,1,1,1,1,1,1,1,1,1,1
512,visit_1_y1_arm_1,,,3093,,,,,,,,,,,,,,,,
512,athome_measures_y1_arm_1,,,,3,4,1,4,4,2,2,4,4,5,3,2,2,4,2,4
515,visit_1_y1_arm_1,,,3103,,,,,,,,,,,,,,,,
515,athome_measures_y1_arm_1,,,,1,1,3,2,4,4,2,4,1,4,2,2,3,3,3,5
516,visit_1_y1_arm_1,,,3102,,,,,,,,,,,,,,,,
516,athome_measures_y1_arm_1,,,,1,1,2,1,3,2,2,2,1,4,2,1,3,4,2,2
519,visit_1_y1_arm_1,,,3070,,,,,,,,,,,,,,,,
519,athome_measures_y1_arm_1,,,,3,4,3,2,4,5,2,4,4,3,4,2,5,5,2,5
520,visit_1_y1_arm_1,,,2011,,,,,,,,,,,,,,,,
520,athome_measures_y1_arm_1,,,,5,4,3,2,4,4,2,3,4,4,5,5,3,4,2,5
527,visit_1_y1_arm_1,,,2012,,,,,,,,,,,,,,,,
527,athome_measures_y1_arm_1,,,,2,2,3,2,1,5,3,2,1,2,3,2,3,2,2,1
529,visit_1_y1_arm_1,,,2013,,,,,,,,,,,,,,,,
529,athome_measures_y1_arm_1,,,,2,3,1,2,3,4,3,3,2,3,3,2,2,3,1,1
531,visit_1_y1_arm_1,,,3077,,,,,,,,,,,,,,,,
531,athome_measures_y1_arm_1,,,,4,3,2,1,4,4,2,3,1,5,4,2,3,2,3,2
534,visit_1_y1_arm_1,,,3092,,,,,,,,,,,,,,,,
534,athome_measures_y1_arm_1,,,,3,4,2,2,4,4,2,4,3,5,4,2,3,5,4,3
536,visit_1_y1_arm_1,,,3072,,,,,,,,,,,,,,,,
536,athome_measures_y1_arm_1,,,,2,3,1,5,3,3,2,2,4,5,4,2,4,1,2,1
538,visit_1_y1_arm_1,,,3104,,,,,,,,,,,,,,,,
538,athome_measures_y1_arm_1,,,,3,2,1,1,2,5,2,4,3,3,3,4,3,4,3,3
540,visit_1_y1_arm_1,,,3107,,,,,,,,,,,,,,,,
540,athome_measures_y1_arm_1,,,,5,5,4,2,4,5,2,4,2,4,4,2,5,5,2,5
541,visit_1_y1_arm_1,,,3106,,,,,,,,,,,,,,,,
541,athome_measures_y1_arm_1,,,,2,2,3,2,2,1,3,3,1,2,2,2,4,3,3,3
544,visit_1_y1_arm_1,,,3098,,,,,,,,,,,,,,,,
544,athome_measures_y1_arm_1,,,,3,4,2,1,4,3,3,4,2,5,4,3,5,4,1,5
546,visit_1_y1_arm_1,,,3117,,,,,,,,,,,,,,,,
546,athome_measures_y1_arm_1,,,,5,4,2,2,5,5,2,4,3,4,4,3,5,4,3,5
547,visit_1_y1_arm_1,,,3119,,,,,,,,,,,,,,,,
547,athome_measures_y1_arm_1,,,,1,3,1,1,1,1,3,1,1,1,1,1,1,1,1,1
548,visit_1_y1_arm_1,,,3086,,,,,,,,,,,,,,,,
548,athome_measures_y1_arm_1,,,,3,3,2,1,3,3,2,2,3,1,1,2,2,3,4,3
549,visit_1_y1_arm_1,,,2014,,,,,,,,,,,,,,,,
549,athome_measures_y1_arm_1,,,,2,4,1,2,3,5,1,3,1,2,2,1,2,3,2,1
551,visit_1_y1_arm_1,,,3094,,,,,,,,,,,,,,,,
551,athome_measures_y1_arm_1,,,,2,1,3,3,5,2,1,3,3,5,4,2,5,5,1,5
552,visit_1_y1_arm_1,,,3091,,,,,,,,,,,,,,,,
552,athome_measures_y1_arm_1,,,,4,3,4,3,3,5,3,3,2,3,4,4,5,4,3,3
555,visit_1_y1_arm_1,,,3099,,,,,,,,,,,,,,,,
555,athome_measures_y1_arm_1,,,,2,1,2,2,1,3,2,3,2,2,2,2,2,3,2,2
562,visit_1_y1_arm_1,,,4000,,,,,,,,,,,,,,,,
562,athome_measures_y1_arm_1,,,,4,4,3,1,5,5,1,5,2,2,5,2,4,4,2,5
564,visit_1_y1_arm_1,,,3101,,,,,,,,,,,,,,,,
564,athome_measures_y1_arm_1,,,,1,1,5,3,1,5,3,2,1,4,3,2,3,4,1,2
569,visit_1_y1_arm_1,,,3105,,,,,,,,,,,,,,,,
569,athome_measures_y1_arm_1,,,,5,4,2,3,3,4,2,3,2,3,3,3,3,3,1,3
573,visit_1_y1_arm_1,,,3122,,,,,,,,,,,,,,,,
573,athome_measures_y1_arm_1,,,,2,2,1,1,2,1,2,2,1,1,2,2,2,1,1,2
578,visit_1_y1_arm_1,,,3113,,,,,,,,,,,,,,,,
578,athome_measures_y1_arm_1,,,,2,3,1,1,2,3,4,2,2,4,4,3,3,2,4,2
580,visit_1_y1_arm_1,,,3109,,,,,,,,,,,,,,,,
580,athome_measures_y1_arm_1,,,,3,3,3,4,2,2,3,2,2,3,3,2,3,4,3,2
582,visit_1_y1_arm_1,,,3112,,,,,,,,,,,,,,,,
582,athome_measures_y1_arm_1,,,,3,3,3,2,4,2,2,3,3,3,3,3,4,3,2,4
583,visit_1_y1_arm_1,,,3108,,,,,,,,,,,,,,,,
583,athome_measures_y1_arm_1,,,,3,2,2,1,2,2,3,2,1,3,3,2,3,3,2,2
588,visit_1_y1_arm_1,,,3121,,,,,,,,,,,,,,,,
588,athome_measures_y1_arm_1,,,,4,3,2,1,5,5,3,4,3,2,4,3,3,2,3,2
589,visit_1_y1_arm_1,,,3123,,,,,,,,,,,,,,,,
589,athome_measures_y1_arm_1,,,,4,5,3,4,5,3,1,4,3,2,3,4,4,2,2,4
591,visit_1_y1_arm_1,,,3125,,,,,,,,,,,,,,,,
591,athome_measures_y1_arm_1,,,,2,2,1,2,1,4,3,3,2,2,4,3,2,3,1,5
592,visit_1_y1_arm_1,,,3129,,,,,,,,,,,,,,,,
592,athome_measures_y1_arm_1,,,,2,4,2,1,3,3,3,2,2,4,3,2,5,5,2,5
599,visit_1_y1_arm_1,,,3118,,,,,,,,,,,,,,,,
599,athome_measures_y1_arm_1,,,,2,1,3,2,4,3,2,3,3,2,3,2,4,3,3,4
601,visit_1_y1_arm_1,,,3134,,,,,,,,,,,,,,,,
601,athome_measures_y1_arm_1,,,,4,4,4,2,4,4,2,4,2,3,2,2,3,2,2,2
605,visit_1_y1_arm_1,,,3116,,,,,,,,,,,,,,,,
605,athome_measures_y1_arm_1,,,,2,3,2,1,3,3,2,4,1,1,2,2,4,4,2,1
606,visit_1_y1_arm_1,,,3131,,,,,,,,,,,,,,,,
606,athome_measures_y1_arm_1,,,,1,4,3,2,1,3,2,5,5,5,3,2,3,5,1,5
611,visit_1_y1_arm_1,,,3130,,,,,,,,,,,,,,,,
611,athome_measures_y1_arm_1,,,,1,1,1,1,1,1,1,1,1,1,1,1,1,1,1,1
612,visit_1_y1_arm_1,,,3124,,,,,,,,,,,,,,,,
612,athome_measures_y1_arm_1,,,,3,2,1,2,4,4,3,4,5,3,4,2,1,2,3,2
613,visit_1_y1_arm_1,,,3128,,,,,,,,,,,,,,,,
613,athome_measures_y1_arm_1,,,,3,3,2,5,3,5,3,4,2,5,5,2,5,5,5,5
614,visit_1_y1_arm_1,,,3133,,,,,,,,,,,,,,,,
614,athome_measures_y1_arm_1,,,,4,3,4,3,4,3,3,2,1,2,4,3,3,2,2,3
616,visit_1_y1_arm_1,,,3120,,,,,,,,,,,,,,,,
616,athome_measures_y1_arm_1,,,,3,4,4,3,3,5,2,4,3,5,3,2,3,4,3,2
618,visit_1_y1_arm_1,,,3127,,,,,,,,,,,,,,,,
618,athome_measures_y1_arm_1,,,,1,1,3,2,3,2,2,3,2,1,1,1,2,1,1,1
619,visit_1_y1_arm_1,,,3126,,,,,,,,,,,,,,,,
619,athome_measures_y1_arm_1,,,,4,3,2,3,4,3,2,4,2,5,2,2,5,3,2,3
626,visit_1_y1_arm_1,,,2017,,,,,,,,,,,,,,,,
626,athome_measures_y1_arm_1,,,,4,3,2,2,3,5,4,4,4,4,4,4,3,3,3,3
629,visit_1_y1_arm_1,,,1028,,,,,,,,,,,,,,,,
632,visit_1_y1_arm_1,,,2015,,,,,,,,,,,,,,,,
632,athome_measures_y1_arm_1,,,,3,3,1,3,3,5,2,3,4,1,1,1,1,1,1,1
658,visit_1_y1_arm_1,,,2022,,,,,,,,,,,,,,,,
658,athome_measures_y1_arm_1,,,,1,1,2,2,2,3,2,2,2,3,1,1,3,3,1,3
674,athome_measures_y1_arm_1,,,,1,1,1,1,1,1,1,1,1,1,1,1,1,1,1,1
679,visit_1_y1_arm_1,,,2016,,,,,,,,,,,,,,,,
679,athome_measures_y1_arm_1,,,,3,4,3,3,3,3,4,4,2,5,4,3,5,5,3,3
685,visit_1_y1_arm_1,,,2019,,,,,,,,,,,,,,,,
685,athome_measures_y1_arm_1,,,,2,2,1,1,3,4,3,4,3,5,3,2,4,4,2,3
688,visit_1_y1_arm_1,,,1029,,,,,,,,,,,,,,,,
688,athome_measures_y1_arm_1,,,,4,2,2,3,2,3,2,2,2,3,3,2,4,4,2,2
689,visit_1_y1_arm_1,,,1030,,,,,,,,,,,,,,,,
689,athome_measures_y1_arm_1,,,,2,1,2,2,4,3,2,2,4,4,2,2,4,3,3,4
694,visit_1_y1_arm_1,,,3132,,,,,,,,,,,,,,,,
694,athome_measures_y1_arm_1,,,,4,4,4,4,3,4,2,3,3,5,3,4,5,4,4,5
697,visit_1_y1_arm_1,,,,,,,,,,,,,,,,,,,
701,visit_1_y1_arm_1,,,2018,,,,,,,,,,,,,,,,
701,athome_measures_y1_arm_1,,,,1,1,2,2,1,4,2,3,1,3,2,2,4,4,4,4
704,visit_1_y1_arm_1,,,1027,,,,,,,,,,,,,,,,
704,athome_measures_y1_arm_1,,,,3,1,4,2,1,5,3,2,3,3,1,1,3,2,2,3
712,visit_1_y1_arm_1,,,3135,,,,,,,,,,,,,,,,
712,athome_measures_y1_arm_1,,,,1,1,3,3,3,3,3,3,3,3,3,3,2,2,4,3
713,visit_1_y1_arm_1,,,3136,,,,,,,,,,,,,,,,
713,athome_measures_y1_arm_1,,,,4,4,3,4,3,5,3,3,2,3,4,4,3,4,4,4
737,visit_1_y1_arm_1,,,2021,,,,,,,,,,,,,,,,
737,athome_measures_y1_arm_1,,,,2,2,1,3,2,2,2,3,2,2,2,2,1,2,2,3
738,visit_1_y1_arm_1,,,2020,,,,,,,,,,,,,,,,
738,athome_measures_y1_arm_1,,,,1,4,3,1,4,5,3,3,3,5,2,3,4,5,2,3
758,visit_1_y1_arm_1,,,1031,,,,,,,,,,,,,,,,
758,athome_measures_y1_arm_1,,,,4,3,4,3,3,2,3,3,3,4,3,3,2,3,2,4
759,visit_1_y1_arm_1,,,2023,,,,,,,,,,,,,,,,
759,athome_measures_y1_arm_1,,,,3,2,2,4,4,4,2,3,2,5,3,4,3,2,4,3
761,visit_1_y1_arm_1,,,2038,,,,,,,,,,,,,,,,
761,athome_measures_y1_arm_1,,,,2,2,3,3,3,4,2,2,2,2,3,2,4,3,3,3
772,visit_1_y1_arm_1,,,1035,,,,,,,,,,,,,,,,
772,athome_measures_y1_arm_1,,,,3,3,3,2,3,3,2,2,1,3,1,2,1,5,3,3
773,visit_1_y1_arm_1,,,1036,,,,,,,,,,,,,,,,
773,athome_measures_y1_arm_1,,,,1,1,1,1,3,1,1,1,4,4,1,1,1,1,1,1
774,visit_1_y1_arm_1,,,1032,,,,,,,,,,,,,,,,
774,athome_measures_y1_arm_1,,,,4,3,3,3,5,3,4,4,2,3,3,4,3,4,3,1
779,visit_1_y1_arm_1,,,2024,,,,,,,,,,,,,,,,
779,athome_measures_y1_arm_1,,,,4,3,3,4,5,4,2,4,2,3,4,3,3,3,3,3
781,visit_1_y1_arm_1,,,1033,,,,,,,,,,,,,,,,
781,athome_measures_y1_arm_1,,,,4,3,3,2,4,4,3,3,2,3,3,4,3,3,2,2
782,visit_1_y1_arm_1,,,1034,,,,,,,,,,,,,,,,
782,athome_measures_y1_arm_1,,,,2,2,3,3,4,3,1,3,2,2,2,3,4,2,3,4
784,visit_1_y1_arm_1,,,3999,,,,,,,,,,,,,,,,
787,visit_1_y1_arm_1,,,2025,,,,,,,,,,,,,,,,
787,athome_measures_y1_arm_1,,,,2,2,3,2,2,2,2,2,3,2,3,2,3,2,3,2
793,visit_1_y1_arm_1,,,2027,,,,,,,,,,,,,,,,
793,athome_measures_y1_arm_1,,,,2,2,3,3,2,3,2,3,2,3,3,2,3,3,2,3
795,visit_1_y1_arm_1,,,2028,,,,,,,,,,,,,,,,
795,athome_measures_y1_arm_1,,,,2,3,4,4,4,3,2,3,3,4,3,3,4,4,4,4
804,visit_1_y1_arm_1,,,2108,,,,,,,,,,,,,,,,
804,athome_measures_y1_arm_1,,,,1,1,1,1,1,1,1,2,1,2,1,1,1,1,1,1
805,visit_1_y1_arm_1,,,2109,,,,,,,,,,,,,,,,
805,athome_measures_y1_arm_1,,,,1,2,1,2,1,2,2,1,1,2,1,1,2,1,2,2
806,visit_1_y1_arm_1,,,,,,,,,,,,,,,,,,,
807,visit_1_y1_arm_1,,,2026,,,,,,,,,,,,,,,,
807,athome_measures_y1_arm_1,,,,1,1,1,1,3,1,1,1,1,1,1,1,1,1,1,1
811,visit_1_y1_arm_1,,,3137,,,,,,,,,,,,,,,,
811,athome_measures_y1_arm_1,,,,3,4,3,4,4,4,3,4,3,4,5,3,5,3,3,3
815,visit_1_y1_arm_1,,,3999,,,,,,,,,,,,,,,,
816,visit_1_y1_arm_1,,,2034,,,,,,,,,,,,,,,,
816,athome_measures_y1_arm_1,,,,3,2,3,2,2,3,3,2,2,2,2,2,2,2,4,3
819,visit_1_y1_arm_1,,,2029,,,,,,,,,,,,,,,,
819,athome_measures_y1_arm_1,,,,5,4,3,4,4,5,4,4,5,5,5,5,4,5,2,4
821,visit_1_y1_arm_1,,,2030,,,,,,,,,,,,,,,,
821,athome_measures_y1_arm_1,,,,3,2,1,1,4,2,1,4,3,4,3,2,4,4,2,3
826,visit_1_y1_arm_1,,,3138,,,,,,,,,,,,,,,,
826,athome_measures_y1_arm_1,,,,4,4,2,3,4,1,3,4,3,3,4,3,5,3,1,2
835,visit_1_y1_arm_1,,,3141,,,,,,,,,,,,,,,,
835,athome_measures_y1_arm_1,,,,4,4,2,3,4,4,4,3,4,5,4,4,3,4,2,3
843,visit_1_y1_arm_1,,,2031,,,,,,,,,,,,,,,,
843,athome_measures_y1_arm_1,,,,3,3,2,4,3,3,2,4,3,3,3,3,3,4,2,3
851,visit_1_y1_arm_1,,,1037,,,,,,,,,,,,,,,,
851,athome_measures_y1_arm_1,,,,2,3,3,3,3,2,1,2,4,4,1,2,4,4,2,3
852,visit_1_y1_arm_1,,,3139,,,,,,,,,,,,,,,,
852,athome_measures_y1_arm_1,,,,4,4,3,3,4,4,3,4,2,2,4,3,3,3,2,4
853,visit_1_y1_arm_1,,,3140,,,,,,,,,,,,,,,,
853,athome_measures_y1_arm_1,,,,2,2,2,4,4,3,4,3,1,3,2,4,2,4,3,5
863,visit_1_y1_arm_1,,,1041,,,,,,,,,,,,,,,,
867,visit_1_y1_arm_1,,,2033,,,,,,,,,,,,,,,,
867,athome_measures_y1_arm_1,,,,1,2,2,2,3,2,3,2,4,4,4,3,4,4,2,3
869,visit_1_y1_arm_1,,,2035,,,,,,,,,,,,,,,,
869,athome_measures_y1_arm_1,,,,1,3,1,2,3,3,2,3,2,3,3,2,2,3,2,3
876,visit_1_y1_arm_1,,,1051,,,,,,,,,,,,,,,,
876,athome_measures_y1_arm_1,,,,2,3,3,2,4,5,3,3,1,2,2,2,4,3,2,2
884,visit_1_y1_arm_1,,,2032,,,,,,,,,,,,,,,,
884,athome_measures_y1_arm_1,,,,4,2,1,2,3,4,2,2,1,3,2,2,5,4,2,3
887,visit_1_y1_arm_1,,,1038,,,,,,,,,,,,,,,,
887,athome_measures_y1_arm_1,,,,3,4,4,3,2,4,1,3,4,4,3,3,4,3,2,4
888,visit_1_y1_arm_1,,,1039,,,,,,,,,,,,,,,,
888,athome_measures_y1_arm_1,,,,3,3,2,3,3,5,2,3,2,3,3,2,2,4,2,5
891,visit_1_y1_arm_1,,,3142,,,,,,,,,,,,,,,,
891,athome_measures_y1_arm_1,,,,2,1,2,1,2,2,2,1,2,2,2,2,3,2,1,2
902,visit_1_y1_arm_1,,,1040,,,,,,,,,,,,,,,,
905,visit_1_y1_arm_1,,,1046,,,,,,,,,,,,,,,,
905,athome_measures_y1_arm_1,,,,3,3,4,3,5,4,3,3,3,3,2,3,4,4,3,2
912,visit_1_y1_arm_1,,,2037,,,,,,,,,,,,,,,,
915,visit_1_y1_arm_1,,,1074,,,,,,,,,,,,,,,,
915,athome_measures_y1_arm_1,,,,3,3,4,2,4,4,3,4,3,3,4,3,4,3,2,1
923,visit_1_y1_arm_1,,,1048,,,,,,,,,,,,,,,,
923,athome_measures_y1_arm_1,,,,3,3,2,4,5,1,3,3,2,5,4,5,5,3,4,3
924,visit_1_y1_arm_1,,,2036,,,,,,,,,,,,,,,,
924,athome_measures_y1_arm_1,,,,4,3,2,2,3,4,4,3,1,5,3,3,3,5,2,4
935,visit_1_y1_arm_1,,,1044,,,,,,,,,,,,,,,,
935,athome_measures_y1_arm_1,,,,3,5,4,4,2,5,4,2,1,3,4,4,5,5,5,5
940,visit_1_y1_arm_1,,,1042,,,,,,,,,,,,,,,,
940,athome_measures_y1_arm_1,,,,2,3,4,4,3,1,2,1,4,1,4,2,1,1,3,1
944,visit_1_y1_arm_1,,,,,,,,,,,,,,,,,,,
950,visit_1_y1_arm_1,,,1045,,,,,,,,,,,,,,,,
950,athome_measures_y1_arm_1,,,,3,1,3,3,1,1,1,4,1,1,1,4,5,5,4,5
951,visit_1_y1_arm_1,,,3143,,,,,,,,,,,,,,,,
951,athome_measures_y1_arm_1,,,,3,2,3,4,3,3,2,3,1,4,2,2,4,4,3,3
952,visit_1_y1_arm_1,,,1043,,,,,,,,,,,,,,,,
952,athome_measures_y1_arm_1,,,,3,3,2,2,4,2,3,3,2,2,3,2,2,1,1,1
963,visit_1_y1_arm_1,,,2039,,,,,,,,,,,,,,,,
963,athome_measures_y1_arm_1,,,,2,3,2,3,3,3,4,3,4,3,5,2,4,3,2,4
968,visit_1_y1_arm_1,,,1047,,,,,,,,,,,,,,,,
968,athome_measures_y1_arm_1,,,,3,2,3,3,3,4,3,3,3,4,3,3,3,4,3,3
975,visit_1_y1_arm_1,,,1050,,,,,,,,,,,,,,,,
975,athome_measures_y1_arm_1,,,,5,4,2,3,3,3,5,3,4,4,3,4,5,4,4,5
977,visit_1_y1_arm_1,,,1049,,,,,,,,,,,,,,,,
977,athome_measures_y1_arm_1,,,,4,3,4,4,4,4,4,3,2,3,4,2,4,4,2,4
981,visit_1_y1_arm_1,,,2040,,,,,,,,,,,,,,,,
981,athome_measures_y1_arm_1,,,,2,2,2,2,2,1,2,3,1,3,2,2,3,4,2,2
983,visit_1_y1_arm_1,,,2041,,,,,,,,,,,,,,,,
983,athome_measures_y1_arm_1,,,,2,3,2,3,4,4,3,3,3,4,3,3,4,4,3,4
994,visit_1_y1_arm_1,,,,,,,,,,,,,,,,,,,
997,visit_1_y1_arm_1,,,,,,,,,,,,,,,,,,,
1000,visit_1_y1_arm_1,,,,,,,,,,,,,,,,,,,
1001,visit_1_y1_arm_1,,,,,,,,,,,,,,,,,,,
1006,visit_1_y1_arm_1,,,3144,,,,,,,,,,,,,,,,
1006,athome_measures_y1_arm_1,,,,3,4,2,2,4,1,3,4,2,3,4,3,3,3,2,4
1009,visit_1_y1_arm_1,,,,,,,,,,,,,,,,,,,
1053,visit_1_y1_arm_1,,,2043,,,,,,,,,,,,,,,,
1053,athome_measures_y1_arm_1,,,,1,1,2,1,1,1,1,1,2,1,1,1,1,1,1,1
1056,visit_1_y1_arm_1,,,2042,,,,,,,,,,,,,,,,
1056,athome_measures_y1_arm_1,,,,4,4,2,2,5,3,3,5,2,3,4,4,4,4,3,2
1057,visit_1_y1_arm_1,,,3145,,,,,,,,,,,,,,,,
1057,athome_measures_y1_arm_1,,,,3,2,4,4,3,3,2,3,4,5,2,2,5,4,2,5
1065,visit_1_y1_arm_1,,,1066,,,,,,,,,,,,,,,,
1065,athome_measures_y1_arm_1,,,,4,5,5,4,4,5,3,5,4,5,4,5,5,5,5,5
1072,visit_1_y1_arm_1,,,2044,,,,,,,,,,,,,,,,
1072,athome_measures_y1_arm_1,,,,1,1,1,1,3,3,2,3,2,2,2,1,2,3,2,2
1076,visit_1_y1_arm_1,,,2051,,,,,,,,,,,,,,,,
1076,athome_measures_y1_arm_1,,,,4,4,3,3,3,4,4,3,3,3,4,4,4,3,2,5
1078,visit_1_y1_arm_1,,,2046,,,,,,,,,,,,,,,,
1078,athome_measures_y1_arm_1,,,,5,5,5,5,5,5,1,5,3,3,4,3,5,5,3,5
1083,visit_1_y1_arm_1,,,1055,,,,,,,,,,,,,,,,
1083,athome_measures_y1_arm_1,,,,2,2,2,2,4,2,2,3,2,5,3,2,4,3,2,2
1084,visit_1_y1_arm_1,,,,,,,,,,,,,,,,,,,
1088,visit_1_y1_arm_1,,,2055,,,,,,,,,,,,,,,,
1088,athome_measures_y1_arm_1,,,,4,3,2,2,5,4,2,4,4,3,4,3,4,3,2,4
1089,visit_1_y1_arm_1,,,1052,,,,,,,,,,,,,,,,
1089,athome_measures_y1_arm_1,,,,4,3,3,3,5,4,2,4,3,4,3,4,3,3,2,3
1093,visit_1_y1_arm_1,,,2045,,,,,,,,,,,,,,,,
1093,athome_measures_y1_arm_1,,,,2,2,2,1,3,2,2,3,1,3,3,2,3,3,2,2
1107,visit_1_y1_arm_1,,,1056,,,,,,,,,,,,,,,,
1107,athome_measures_y1_arm_1,,,,3,3,4,1,5,5,2,3,2,4,3,2,3,1,2,3
1109,visit_1_y1_arm_1,,,2047,,,,,,,,,,,,,,,,
1109,athome_measures_y1_arm_1,,,,3,3,3,2,4,2,2,4,4,4,2,2,2,2,3,4
1110,visit_1_y1_arm_1,,,2048,,,,,,,,,,,,,,,,
1110,athome_measures_y1_arm_1,,,,2,2,3,2,2,2,2,2,3,4,3,2,2,2,3,2
1116,visit_1_y1_arm_1,,,1053,,,,,,,,,,,,,,,,
1116,athome_measures_y1_arm_1,,,,4,4,4,3,4,4,3,3,2,5,4,3,4,4,3,4
1117,visit_1_y1_arm_1,,,1054,,,,,,,,,,,,,,,,
1117,athome_measures_y1_arm_1,,,,2,2,3,4,3,5,1,3,4,5,1,1,5,5,5,5
1121,visit_1_y1_arm_1,,,1060,,,,,,,,,,,,,,,,
1121,athome_measures_y1_arm_1,,,,3,5,3,1,4,4,4,4,4,3,4,4,1,5,2,3
1122,visit_1_y1_arm_1,,,2067,,,,,,,,,,,,,,,,
1126,visit_1_y1_arm_1,,,1061,,,,,,,,,,,,,,,,
1126,athome_measures_y1_arm_1,,,,3,2,4,2,3,2,3,2,2,5,2,2,3,2,2,3
1129,visit_1_y1_arm_1,,,1058,,,,,,,,,,,,,,,,
1129,athome_measures_y1_arm_1,,,,3,2,3,2,4,2,2,2,2,3,2,2,4,3,2,2
1135,visit_1_y1_arm_1,,,1059,,,,,,,,,,,,,,,,
1135,athome_measures_y1_arm_1,,,,2,2,4,4,3,5,4,3,2,5,4,4,5,4,4,2
1139,visit_1_y1_arm_1,,,3147,,,,,,,,,,,,,,,,
1139,athome_measures_y1_arm_1,,,,5,5,2,2,5,3,2,5,5,5,5,4,5,4,5,5
1141,visit_1_y1_arm_1,,,2059,,,,,,,,,,,,,,,,
1141,athome_measures_y1_arm_1,,,,3,2,1,1,3,1,2,2,2,1,3,1,2,3,1,1
1146,visit_1_y1_arm_1,,,1062,,,,,,,,,,,,,,,,
1146,athome_measures_y1_arm_1,,,,5,3,3,2,5,3,4,2,3,5,3,4,4,4,4,4
1147,visit_1_y1_arm_1,,,1057,,,,,,,,,,,,,,,,
1147,athome_measures_y1_arm_1,,,,2,2,2,3,3,2,2,3,2,3,2,2,2,2,3,2
1165,visit_1_y1_arm_1,,,2049,,,,,,,,,,,,,,,,
1165,athome_measures_y1_arm_1,,,,4,4,3,3,5,5,4,3,5,5,5,3,3,4,3,4
1171,visit_1_y1_arm_1,,,2060,,,,,,,,,,,,,,,,
1171,athome_measures_y1_arm_1,,,,4,4,1,4,5,2,2,5,1,4,5,4,3,4,2,1
1172,visit_1_y1_arm_1,,,2061,,,,,,,,,,,,,,,,
1172,athome_measures_y1_arm_1,,,,4,4,1,3,4,2,3,5,2,5,5,5,5,5,1,2
1180,visit_1_y1_arm_1,,,1068,,,,,,,,,,,,,,,,
1180,athome_measures_y1_arm_1,,,,3,3,3,4,4,3,2,3,4,4,3,2,3,4,4,2
1184,visit_1_y1_arm_1,,,3146,,,,,,,,,,,,,,,,
1184,athome_measures_y1_arm_1,,,,5,5,5,4,4,5,4,4,4,4,5,4,4,4,3,3
1194,visit_1_y1_arm_1,,,2050,,,,,,,,,,,,,,,,
1199,visit_1_y1_arm_1,,,1067,,,,,,,,,,,,,,,,
1199,athome_measures_y1_arm_1,,,,1,2,1,1,1,3,1,1,3,3,3,1,2,1,1,3
1201,visit_1_y1_arm_1,,,2057,,,,,,,,,,,,,,,,
1201,athome_measures_y1_arm_1,,,,3,1,1,1,2,1,2,3,3,3,3,2,2,3,3,4
1203,visit_1_y1_arm_1,,,2053,,,,,,,,,,,,,,,,
1203,athome_measures_y1_arm_1,,,,3,3,3,2,3,5,4,3,4,4,5,3,5,4,3,5
1205,visit_1_y1_arm_1,,,2054,,,,,,,,,,,,,,,,
1205,athome_measures_y1_arm_1,,,,5,5,3,4,5,5,2,5,3,5,4,2,4,4,3,5
1207,visit_1_y1_arm_1,,,1063,,,,,,,,,,,,,,,,
1207,athome_measures_y1_arm_1,,,,3,2,2,1,3,4,4,3,3,4,2,3,2,2,2,2
1208,visit_1_y1_arm_1,,,1064,,,,,,,,,,,,,,,,
1208,athome_measures_y1_arm_1,,,,3,5,3,3,3,3,4,3,5,3,3,3,4,2,2,2
1210,visit_1_y1_arm_1,,,1065,,,,,,,,,,,,,,,,
1210,athome_measures_y1_arm_1,,,,3,5,4,3,4,5,4,3,1,5,3,3,3,3,4,3
1211,visit_1_y1_arm_1,,,2052,,,,,,,,,,,,,,,,
1211,athome_measures_y1_arm_1,,,,5,5,4,3,5,5,2,5,4,5,5,4,5,5,5,5
1224,visit_1_y1_arm_1,,,2056,,,,,,,,,,,,,,,,
1224,athome_measures_y1_arm_1,,,,2,3,3,2,2,2,4,2,1,4,4,1,5,5,1,4
1247,visit_1_y1_arm_1,,,2066,,,,,,,,,,,,,,,,
1247,athome_measures_y1_arm_1,,,,4,5,2,1,5,5,5,5,3,5,3,4,4,3,5,5
1253,visit_1_y1_arm_1,,,1072,,,,,,,,,,,,,,,,
1253,athome_measures_y1_arm_1,,,,4,2,4,2,4,4,2,4,4,4,2,4,4,4,4,3
1256,visit_1_y1_arm_1,,,2064,,,,,,,,,,,,,,,,
1256,athome_measures_y1_arm_1,,,,3,3,4,4,3,4,3,3,3,5,3,3,3,4,3,5
1261,visit_1_y1_arm_1,,,2058,,,,,,,,,,,,,,,,
1261,athome_measures_y1_arm_1,,,,2,2,2,3,2,4,2,2,2,3,3,2,2,2,2,2
1264,visit_1_y1_arm_1,,,1073,,,,,,,,,,,,,,,,
1264,athome_measures_y1_arm_1,,,,1,5,2,2,5,4,2,5,4,4,4,4,2,5,1,5
1278,visit_1_y1_arm_1,,,3153,,,,,,,,,,,,,,,,
1278,athome_measures_y1_arm_1,,,,4,4,3,2,4,5,4,3,2,5,3,3,4,3,2,4
1280,visit_1_y1_arm_1,,,2062,,,,,,,,,,,,,,,,
1280,athome_measures_y1_arm_1,,,,3,2,3,2,3,3,3,2,2,4,4,3,5,2,2,3
1282,visit_1_y1_arm_1,,,3158,,,,,,,,,,,,,,,,
1282,athome_measures_y1_arm_1,,,,2,2,2,3,3,2,1,3,3,4,3,4,2,3,1,1
1292,visit_1_y1_arm_1,,,3149,,,,,,,,,,,,,,,,
1292,athome_measures_y1_arm_1,,,,3,3,2,2,2,4,4,2,2,2,2,2,2,2,2,4
1325,visit_1_y1_arm_1,,,3154,,,,,,,,,,,,,,,,
1325,athome_measures_y1_arm_1,,,,3,3,4,2,4,5,3,2,2,4,4,3,4,4,3,3
1327,visit_1_y1_arm_1,,,3150,,,,,,,,,,,,,,,,
1327,athome_measures_y1_arm_1,,,,3,3,5,5,5,5,5,3,4,5,1,4,4,4,1,1
1328,visit_1_y1_arm_1,,,3155,,,,,,,,,,,,,,,,
1328,athome_measures_y1_arm_1,,,,4,4,5,4,5,3,3,4,5,5,3,2,5,4,3,4
1345,visit_1_y1_arm_1,,,2068,,,,,,,,,,,,,,,,
1345,athome_measures_y1_arm_1,,,,2,2,3,1,2,4,2,1,1,3,4,2,2,3,2,1
1346,visit_1_y1_arm_1,,,2065,,,,,,,,,,,,,,,,
1346,athome_measures_y1_arm_1,,,,3,3,3,4,5,4,5,4,4,5,4,4,4,4,2,3
1354,visit_1_y1_arm_1,,,3152,,,,,,,,,,,,,,,,
1354,athome_measures_y1_arm_1,,,,5,5,5,4,3,4,3,3,2,5,3,2,5,5,3,5
1355,visit_1_y1_arm_1,,,3148,,,,,,,,,,,,,,,,
1355,athome_measures_y1_arm_1,,,,3,4,2,1,5,2,2,5,3,3,3,3,3,4,2,3
1356,visit_1_y1_arm_1,,,1070,,,,,,,,,,,,,,,,
1356,athome_measures_y1_arm_1,,,,4,3,4,5,5,5,4,4,3,5,4,4,5,2,4,3
1362,visit_1_y1_arm_1,,,3151,,,,,,,,,,,,,,,,
1362,athome_measures_y1_arm_1,,,,3,3,4,4,2,3,1,2,1,4,1,1,4,5,2,5
1366,visit_1_y1_arm_1,,,2078,,,,,,,,,,,,,,,,
1366,athome_measures_y1_arm_1,,,,3,1,3,4,3,2,1,2,1,4,4,1,3,3,1,3
1369,visit_1_y1_arm_1,,,2079,,,,,,,,,,,,,,,,
1369,athome_measures_y1_arm_1,,,,3,2,3,2,3,1,1,1,1,1,3,2,3,3,1,5
1376,visit_1_y1_arm_1,,,2069,,,,,,,,,,,,,,,,
1376,athome_measures_y1_arm_1,,,,5,5,5,5,5,5,5,5,5,2,5,2,5,5,5,5
1377,visit_1_y1_arm_1,,,1069,,,,,,,,,,,,,,,,
1377,athome_measures_y1_arm_1,,,,4,5,3,4,3,5,2,5,1,5,3,3,5,5,3,5
1383,visit_1_y1_arm_1,,,2074,,,,,,,,,,,,,,,,
1383,athome_measures_y1_arm_1,,,,3,3,3,3,4,5,2,4,3,2,3,2,3,3,2,2
1386,visit_1_y1_arm_1,,,1078,,,,,,,,,,,,,,,,
1386,athome_measures_y1_arm_1,,,,3,3,3,3,4,3,4,4,4,3,3,4,4,3,3,4
1388,visit_1_y1_arm_1,,,2073,,,,,,,,,,,,,,,,
1388,athome_measures_y1_arm_1,,,,2,3,3,2,3,2,3,2,1,4,3,3,3,2,2,2
1390,visit_1_y1_arm_1,,,2076,,,,,,,,,,,,,,,,
1390,athome_measures_y1_arm_1,,,,2,4,3,3,2,5,4,4,3,2,4,2,2,3,1,2
1393,visit_1_y1_arm_1,,,1071,,,,,,,,,,,,,,,,
1393,athome_measures_y1_arm_1,,,,1,3,1,1,3,3,2,4,3,2,3,3,1,3,1,1
1394,visit_1_y1_arm_1,,,2071,,,,,,,,,,,,,,,,
1394,athome_measures_y1_arm_1,,,,2,3,1,2,3,3,3,3,2,2,2,2,2,2,2,2
1395,visit_1_y1_arm_1,,,2072,,,,,,,,,,,,,,,,
1395,athome_measures_y1_arm_1,,,,1,1,1,1,1,1,1,1,1,1,1,1,1,1,1,1
1398,visit_1_y1_arm_1,,,2070,,,,,,,,,,,,,,,,
1398,athome_measures_y1_arm_1,,,,4,4,5,3,4,4,3,3,3,3,5,3,3,4,1,3
1403,visit_1_y1_arm_1,,,2077,,,,,,,,,,,,,,,,
1403,athome_measures_y1_arm_1,,,,3,3,2,1,3,3,2,4,2,2,2,3,3,2,1,3
1407,visit_1_y1_arm_1,,,3156,,,,,,,,,,,,,,,,
1407,athome_measures_y1_arm_1,,,,5,3,2,4,5,5,4,5,2,4,5,2,5,5,3,5
1409,visit_1_y1_arm_1,,,3157,,,,,,,,,,,,,,,,
1409,athome_measures_y1_arm_1,,,,3,4,2,3,4,3,2,3,2,2,3,3,3,3,2,3
1415,athome_measures_y1_arm_1,,,,1,1,1,1,1,1,1,1,1,1,1,1,1,1,1,1
1418,visit_1_y1_arm_1,,,,,,,,,,,,,,,,,,,
1428,visit_1_y1_arm_1,,,2075,,,,,,,,,,,,,,,,
1428,athome_measures_y1_arm_1,,,,4,2,2,2,2,2,2,3,2,2,3,3,4,2,5,5
1434,visit_1_y1_arm_1,,,1075,,,,,,,,,,,,,,,,
1434,athome_measures_y1_arm_1,,,,5,3,3,1,1,1,3,2,1,2,1,2,1,1,1,1
1440,visit_1_y1_arm_1,,,1079,,,,,,,,,,,,,,,,
1440,athome_measures_y1_arm_1,,,,3,4,3,2,4,5,3,4,3,3,3,2,5,3,2,2
1442,visit_1_y1_arm_1,,,1077,,,,,,,,,,,,,,,,
1442,athome_measures_y1_arm_1,,,,4,4,3,3,5,2,2,4,2,2,2,3,3,2,3,3
1443,visit_1_y1_arm_1,,,1076,,,,,,,,,,,,,,,,
1443,athome_measures_y1_arm_1,,,,2,1,1,1,1,1,1,1,2,2,2,2,1,1,1,1
1444,visit_1_y1_arm_1,,,2083,,,,,,,,,,,,,,,,
1444,athome_measures_y1_arm_1,,,,1,1,1,2,2,2,1,1,2,2,2,2,2,2,2,2
1448,visit_1_y1_arm_1,,,2084,,,,,,,,,,,,,,,,
1448,athome_measures_y1_arm_1,,,,3,4,3,2,2,3,3,4,2,2,4,3,4,4,3,2
1453,visit_1_y1_arm_1,,,2081,,,,,,,,,,,,,,,,
1453,athome_measures_y1_arm_1,,,,3,3,3,3,3,4,3,3,3,3,3,3,3,3,3,3
1456,visit_1_y1_arm_1,,,1098,,,,,,,,,,,,,,,,
1456,athome_measures_y1_arm_1,,,,3,1,4,4,3,3,4,1,3,4,2,2,3,3,3,4
1457,visit_1_y1_arm_1,,,1080,,,,,,,,,,,,,,,,
1457,athome_measures_y1_arm_1,,,,3,3,2,1,3,4,2,4,2,2,3,1,2,2,2,2
1462,visit_1_y1_arm_1,,,1112,,,,,,,,,,,,,,,,
1462,athome_measures_y1_arm_1,,,,4,2,2,2,4,2,4,4,4,4,2,2,3,2,2,3
1463,visit_1_y1_arm_1,,,1099,,,,,,,,,,,,,,,,
1463,athome_measures_y1_arm_1,,,,4,4,4,4,4,2,2,4,3,4,3,4,4,4,4,4
1467,visit_1_y1_arm_1,,,,,,,,,,,,,,,,,,,
1468,visit_1_y1_arm_1,,,1113,,,,,,,,,,,,,,,,
1468,athome_measures_y1_arm_1,,,,3,3,2,3,3,2,4,3,2,4,3,3,4,5,4,4
1473,visit_1_y1_arm_1,,,1083,,,,,,,,,,,,,,,,
1473,athome_measures_y1_arm_1,,,,3,2,3,1,2,1,2,4,3,4,2,3,3,4,3,3
1474,visit_1_y1_arm_1,,,1084,,,,,,,,,,,,,,,,
1474,athome_measures_y1_arm_1,,,,3,2,2,2,3,2,2,2,2,2,2,3,2,2,2,1
1477,visit_1_y1_arm_1,,,1095,,,,,,,,,,,,,,,,
1477,athome_measures_y1_arm_1,,,,2,2,5,4,3,4,1,1,2,4,1,3,4,5,2,5
1478,visit_1_y1_arm_1,,,2094,,,,,,,,,,,,,,,,
1478,athome_measures_y1_arm_1,,,,1,2,3,1,1,2,3,2,2,3,2,1,2,3,2,3
1479,visit_1_y1_arm_1,,,,,,,,,,,,,,,,,,,
1484,visit_1_y1_arm_1,,,1103,,,,,,,,,,,,,,,,
1484,athome_measures_y1_arm_1,,,,2,4,1,3,4,3,3,4,4,4,4,2,3,4,3,1
1485,visit_1_y1_arm_1,,,1086,,,,,,,,,,,,,,,,
1485,athome_measures_y1_arm_1,,,,2,2,2,2,3,2,2,3,1,2,2,2,2,2,2,2
1488,visit_1_y1_arm_1,,,2099,,,,,,,,,,,,,,,,
1488,athome_measures_y1_arm_1,,,,4,3,3,2,3,2,3,3,4,3,4,3,2,2,3,3
1489,visit_1_y1_arm_1,,,1085,,,,,,,,,,,,,,,,
1489,athome_measures_y1_arm_1,,,,3,3,2,1,5,2,1,3,2,4,5,4,5,3,2,5
1491,visit_1_y1_arm_1,,,1088,,,,,,,,,,,,,,,,
1491,athome_measures_y1_arm_1,,,,3,4,3,2,2,4,3,3,3,2,4,2,3,4,3,3
1493,visit_1_y1_arm_1,,,1100,,,,,,,,,,,,,,,,
1493,athome_measures_y1_arm_1,,,,3,2,1,1,3,2,3,1,3,1,2,2,3,2,1,1
1494,visit_1_y1_arm_1,,,2093,,,,,,,,,,,,,,,,
1494,athome_measures_y1_arm_1,,,,3,3,3,3,3,3,3,3,3,3,3,3,3,3,3,3
1495,visit_1_y1_arm_1,,,2089,,,,,,,,,,,,,,,,
1495,athome_measures_y1_arm_1,,,,3,4,3,2,2,1,2,1,5,2,5,3,2,2,4,1
1496,visit_1_y1_arm_1,,,1091,,,,,,,,,,,,,,,,
1496,athome_measures_y1_arm_1,,,,2,3,1,1,1,2,1,1,1,4,3,4,2,3,1,1
1497,visit_1_y1_arm_1,,,1090,,,,,,,,,,,,,,,,
1498,visit_1_y1_arm_1,,,1081,,,,,,,,,,,,,,,,
1498,athome_measures_y1_arm_1,,,,3,3,3,1,3,3,4,3,2,2,3,3,4,3,2,2
1511,visit_1_y1_arm_1,,,1119,,,,,,,,,,,,,,,,
1511,athome_measures_y1_arm_1,,,,2,2,2,3,2,3,2,2,3,2,3,2,4,3,3,2
1512,visit_1_y1_arm_1,,,1121,,,,,,,,,,,,,,,,
1512,athome_measures_y1_arm_1,,,,4,4,4,3,3,3,4,3,3,3,3,3,4,5,4,4
1513,visit_1_y1_arm_1,,,1120,,,,,,,,,,,,,,,,
1513,athome_measures_y1_arm_1,,,,2,2,3,3,1,1,2,1,2,3,2,2,2,2,2,1
1518,visit_1_y1_arm_1,,,1087,,,,,,,,,,,,,,,,
1518,athome_measures_y1_arm_1,,,,5,4,5,3,5,5,3,3,2,5,5,1,4,4,3,4
1525,visit_1_y1_arm_1,,,1092,,,,,,,,,,,,,,,,
1525,athome_measures_y1_arm_1,,,,2,2,2,1,3,3,1,1,2,1,1,1,2,1,1,3
1528,visit_1_y1_arm_1,,,2080,,,,,,,,,,,,,,,,
1528,athome_measures_y1_arm_1,,,,4,5,3,2,5,5,4,5,4,5,4,2,5,4,4,5
1531,visit_1_y1_arm_1,,,2087,,,,,,,,,,,,,,,,
1537,visit_1_y1_arm_1,,,2086,,,,,,,,,,,,,,,,
1537,athome_measures_y1_arm_1,,,,4,4,3,2,3,3,2,3,2,3,5,2,4,5,3,4
1538,visit_1_y1_arm_1,,,1089,,,,,,,,,,,,,,,,
1538,athome_measures_y1_arm_1,,,,3,2,1,2,1,1,1,1,1,4,1,1,1,1,3,2
1539,visit_1_y1_arm_1,,,2085,,,,,,,,,,,,,,,,
1539,athome_measures_y1_arm_1,,,,3,3,3,2,3,4,2,3,3,4,3,3,4,2,2,3
1544,visit_1_y1_arm_1,,,,,,,,,,,,,,,,,,,
1545,visit_1_y1_arm_1,,,2091,,,,,,,,,,,,,,,,
1545,athome_measures_y1_arm_1,,,,2,1,4,2,1,5,1,1,2,1,1,1,2,3,2,5
1546,visit_1_y1_arm_1,,,2090,,,,,,,,,,,,,,,,
1546,athome_measures_y1_arm_1,,,,3,2,4,1,4,2,2,3,3,3,3,3,3,4,2,3
1549,visit_1_y1_arm_1,,,2082,,,,,,,,,,,,,,,,
1549,athome_measures_y1_arm_1,,,,5,5,4,4,4,4,2,3,3,3,3,3,3,4,3,4
1553,visit_1_y1_arm_1,,,1123,,,,,,,,,,,,,,,,
1553,athome_measures_y1_arm_1,,,,5,5,3,2,5,4,5,5,5,5,5,4,4,5,3,5
1554,visit_1_y1_arm_1,,,1096,,,,,,,,,,,,,,,,
1554,athome_measures_y1_arm_1,,,,3,4,3,4,5,3,2,4,4,5,5,5,1,4,2,5
1556,visit_1_y1_arm_1,,,1106,,,,,,,,,,,,,,,,
1556,athome_measures_y1_arm_1,,,,3,2,5,5,5,4,2,2,5,5,1,3,1,5,4,5
1558,visit_1_y1_arm_1,,,2092,,,,,,,,,,,,,,,,
1558,athome_measures_y1_arm_1,,,,2,3,3,2,4,5,3,3,2,2,2,3,3,3,1,3
1560,visit_1_y1_arm_1,,,1107,,,,,,,,,,,,,,,,
1560,athome_measures_y1_arm_1,,,,3,3,3,2,3,3,3,4,2,3,3,2,3,3,2,4
1565,visit_1_y1_arm_1,,,1094,,,,,,,,,,,,,,,,
1565,athome_measures_y1_arm_1,,,,2,3,2,3,2,2,3,3,3,2,2,2,3,3,2,3
1566,athome_measures_y1_arm_1,,,,1,1,1,1,1,1,1,1,1,1,1,1,1,1,1,1
1567,visit_1_y1_arm_1,,,1082,,,,,,,,,,,,,,,,
1567,athome_measures_y1_arm_1,,,,3,2,2,3,3,2,3,2,3,3,2,3,3,5,1,5
1569,visit_1_y1_arm_1,,,1097,,,,,,,,,,,,,,,,
1569,athome_measures_y1_arm_1,,,,3,3,2,2,3,3,2,2,3,3,2,3,2,3,2,3
1571,visit_1_y1_arm_1,,,2095,,,,,,,,,,,,,,,,
1571,athome_measures_y1_arm_1,,,,2,2,3,4,2,4,2,2,2,2,2,2,4,3,2,4
1572,visit_1_y1_arm_1,,,1093,,,,,,,,,,,,,,,,
1572,athome_measures_y1_arm_1,,,,4,4,2,2,4,5,2,4,1,4,4,3,3,4,2,5
1574,visit_1_y1_arm_1,,,1105,,,,,,,,,,,,,,,,
1574,athome_measures_y1_arm_1,,,,3,2,4,2,3,4,2,3,2,3,2,2,3,3,2,4
1575,visit_1_y1_arm_1,,,2100,,,,,,,,,,,,,,,,
1575,athome_measures_y1_arm_1,,,,3,3,2,1,3,3,2,3,2,3,3,2,3,3,2,3
1577,visit_1_y1_arm_1,,,1125,,,,,,,,,,,,,,,,
1577,athome_measures_y1_arm_1,,,,3,3,3,2,3,2,3,3,3,3,3,3,3,3,3,3
1584,visit_1_y1_arm_1,,,2096,,,,,,,,,,,,,,,,
1584,athome_measures_y1_arm_1,,,,3,2,3,1,3,4,2,3,1,4,3,1,5,4,1,5
1596,visit_1_y1_arm_1,,,2097,,,,,,,,,,,,,,,,
1596,athome_measures_y1_arm_1,,,,2,2,3,2,2,2,2,2,2,2,2,2,3,2,2,3
1598,visit_1_y1_arm_1,,,1101,,,,,,,,,,,,,,,,
1598,athome_measures_y1_arm_1,,,,3,3,1,4,3,3,5,3,3,3,3,3,3,3,5,5
1599,visit_1_y1_arm_1,,,3999,,,,,,,,,,,,,,,,
1609,visit_1_y1_arm_1,,,1114,,,,,,,,,,,,,,,,
1609,athome_measures_y1_arm_1,,,,3,2,3,2,2,4,2,2,3,2,3,2,2,2,3,2
1610,visit_1_y1_arm_1,,,1104,,,,,,,,,,,,,,,,
1610,athome_measures_y1_arm_1,,,,3,3,3,2,3,4,4,3,4,4,4,4,4,3,2,3
1611,visit_1_y1_arm_1,,,1110,,,,,,,,,,,,,,,,
1611,athome_measures_y1_arm_1,,,,3,2,2,2,3,3,2,3,3,3,3,3,4,3,2,3
1613,visit_1_y1_arm_1,,,2103,,,,,,,,,,,,,,,,
1613,athome_measures_y1_arm_1,,,,1,5,1,1,5,3,3,3,3,2,2,2,4,4,4,4
1614,visit_1_y1_arm_1,,,1117,,,,,,,,,,,,,,,,
1614,athome_measures_y1_arm_1,,,,4,4,2,2,3,5,2,3,2,3,4,3,2,3,3,3
1616,visit_1_y1_arm_1,,,1116,,,,,,,,,,,,,,,,
1616,athome_measures_y1_arm_1,,,,3,3,3,3,4,4,2,4,3,5,4,2,2,3,4,3
1617,visit_1_y1_arm_1,,,1102,,,,,,,,,,,,,,,,
1617,athome_measures_y1_arm_1,,,,2,3,3,4,5,1,4,4,4,5,5,2,5,5,4,4
1620,visit_1_y1_arm_1,,,1108,,,,,,,,,,,,,,,,
1620,athome_measures_y1_arm_1,,,,1,1,1,1,3,1,2,2,2,2,2,2,2,4,2,2
1622,visit_1_y1_arm_1,,,2102,,,,,,,,,,,,,,,,
1622,athome_measures_y1_arm_1,,,,2,2,2,2,4,4,3,2,3,4,2,2,4,3,2,4
1624,visit_1_y1_arm_1,,,2105,,,,,,,,,,,,,,,,
1624,athome_measures_y1_arm_1,,,,5,5,3,3,4,5,3,5,3,2,4,3,4,4,3,5
1626,visit_1_y1_arm_1,,,2107,,,,,,,,,,,,,,,,
1630,visit_1_y1_arm_1,,,2101,,,,,,,,,,,,,,,,
1630,athome_measures_y1_arm_1,,,,4,4,4,4,3,4,1,3,1,5,5,5,5,5,5,1
1631,visit_1_y1_arm_1,,,1109,,,,,,,,,,,,,,,,
1631,athome_measures_y1_arm_1,,,,3,2,2,2,2,2,2,2,2,2,2,3,3,3,2,2
1632,visit_1_y1_arm_1,,,1111,,,,,,,,,,,,,,,,
1632,athome_measures_y1_arm_1,,,,3,3,4,2,2,3,3,5,3,2,1,1,3,2,2,3
1634,visit_1_y1_arm_1,,,1122,,,,,,,,,,,,,,,,
1634,athome_measures_y1_arm_1,,,,2,1,3,3,1,2,2,1,1,1,1,1,1,1,1,1
1647,visit_1_y1_arm_1,,,2106,,,,,,,,,,,,,,,,
1647,athome_measures_y1_arm_1,,,,2,2,3,2,3,4,3,3,2,3,3,2,4,2,1,4
1661,visit_1_y1_arm_1,,,1115,,,,,,,,,,,,,,,,
1661,athome_measures_y1_arm_1,,,,4,4,3,4,5,3,2,3,3,3,4,4,4,4,4,5
1666,visit_1_y1_arm_1,,,2104,,,,,,,,,,,,,,,,
1666,athome_measures_y1_arm_1,,,,1,1,1,1,1,3,1,1,2,3,3,2,2,2,2,1
1671,visit_1_y1_arm_1,,,1118,,,,,,,,,,,,,,,,
1671,athome_measures_y1_arm_1,,,,2,1,1,1,3,2,1,2,2,2,2,2,2,2,2,2
1682,visit_1_y1_arm_1,,,3999,,,,,,,,,,,,,,,,
1703,visit_1_y1_arm_1,,,1124,,,,,,,,,,,,,,,,
1703,athome_measures_y1_arm_1,,,,2,3,3,2,3,5,1,3,3,2,2,2,2,3,1,5
1708,visit_1_y1_arm_1,,,2110,,,,,,,,,,,,,,,,
1709,visit_1_y1_arm_1,,,,,,,,,,,,,,,,,,,
1710,visit_1_y1_arm_1,,,,,,,,,,,,,,,,,,,
1754,visit_1_y1_arm_1,,,1127,,,,,,,,,,,,,,,,
1754,athome_measures_y1_arm_1,,,,4,4,2,1,5,3,3,3,3,3,5,2,3,2,1,3
1764,visit_1_y1_arm_1,,,2122,,,,,,,,,,,,,,,,
1764,athome_measures_y1_arm_1,,,,3,3,3,2,4,3,2,3,3,4,3,2,4,5,4,4
1765,visit_1_y1_arm_1,,,2111,,,,,,,,,,,,,,,,
1765,athome_measures_y1_arm_1,,,,2,2,3,2,3,3,3,3,3,2,2,2,2,1,2,1
1780,visit_1_y1_arm_1,,,2123,,,,,,,,,,,,,,,,
1780,athome_measures_y1_arm_1,,,,3,2,2,1,3,2,2,3,2,2,2,2,3,1,1,2
1781,visit_1_y1_arm_1,,,1129,,,,,,,,,,,,,,,,
1781,athome_measures_y1_arm_1,,,,3,3,3,3,2,1,3,3,3,3,3,3,3,3,3,4
1782,visit_1_y1_arm_1,,,2114,,,,,,,,,,,,,,,,
1782,athome_measures_y1_arm_1,,,,3,3,2,2,3,3,2,2,2,2,3,2,2,4,3,4
1789,visit_1_y1_arm_1,,,1126,,,,,,,,,,,,,,,,
1789,athome_measures_y1_arm_1,,,,4,4,4,4,4,3,4,4,4,5,4,4,5,5,4,4
1806,visit_1_y1_arm_1,,,1128,,,,,,,,,,,,,,,,
1806,athome_measures_y1_arm_1,,,,3,4,4,4,4,4,4,4,3,4,4,4,4,4,4,4
1810,visit_1_y1_arm_1,,,2113,,,,,,,,,,,,,,,,
1810,athome_measures_y1_arm_1,,,,2,2,3,4,3,4,4,2,3,3,2,2,4,4,2,3
1821,visit_1_y1_arm_1,,,2118,,,,,,,,,,,,,,,,
1823,visit_1_y1_arm_1,,,,,,,,,,,,,,,,,,,
1823,athome_measures_y1_arm_1,,,,1,1,1,1,1,1,,,,,,,,,,
1830,visit_1_y1_arm_1,,,2112,,,,,,,,,,,,,,,,
1830,athome_measures_y1_arm_1,,,,5,3,5,5,5,2,4,3,4,5,3,4,5,5,5,5
1835,visit_1_y1_arm_1,,,2130,,,,,,,,,,,,,,,,
1835,athome_measures_y1_arm_1,,,,3,3,4,1,3,1,3,3,1,4,3,3,1,4,3,5
1837,visit_1_y1_arm_1,,,2115,,,,,,,,,,,,,,,,
1837,athome_measures_y1_arm_1,,,,3,2,2,2,3,3,2,3,2,3,3,2,3,3,2,3
1839,visit_1_y1_arm_1,,,2116,,,,,,,,,,,,,,,,
1839,athome_measures_y1_arm_1,,,,3,3,2,2,4,5,3,3,5,4,4,4,5,5,2,2
1845,visit_1_y1_arm_1,,,2124,,,,,,,,,,,,,,,,
1845,athome_measures_y1_arm_1,,,,3,3,3,2,4,3,2,3,1,5,2,2,4,4,1,3
1850,visit_1_y1_arm_1,,,2088,,,,,,,,,,,,,,,,
1850,athome_measures_y1_arm_1,,,,5,5,3,3,5,4,2,4,3,4,2,3,4,4,3,3
1851,visit_1_y1_arm_1,,,2129,,,,,,,,,,,,,,,,
1851,athome_measures_y1_arm_1,,,,2,2,2,2,2,2,2,2,2,2,3,3,3,3,3,3
1853,visit_1_y1_arm_1,,,2120,,,,,,,,,,,,,,,,
1853,athome_measures_y1_arm_1,,,,5,4,3,4,4,1,4,5,3,5,4,4,5,4,3,4
1855,visit_1_y1_arm_1,,,2117,,,,,,,,,,,,,,,,
1855,athome_measures_y1_arm_1,,,,3,3,1,2,4,2,3,5,2,2,5,3,4,3,1,2
1859,visit_1_y1_arm_1,,,2098,,,,,,,,,,,,,,,,
1859,athome_measures_y1_arm_1,,,,3,4,4,4,3,5,2,4,4,4,3,3,2,3,3,2
1862,visit_1_y1_arm_1,,,2127,,,,,,,,,,,,,,,,
1862,athome_measures_y1_arm_1,,,,4,3,1,2,3,2,5,2,2,3,4,4,5,5,1,2
1867,visit_1_y1_arm_1,,,2119,,,,,,,,,,,,,,,,
1867,athome_measures_y1_arm_1,,,,4,3,3,3,4,2,2,4,4,4,4,3,5,4,3,5
1870,visit_1_y1_arm_1,,,2121,,,,,,,,,,,,,,,,
1870,athome_measures_y1_arm_1,,,,2,3,4,3,3,2,2,3,3,4,3,2,4,3,3,3
1877,visit_1_y1_arm_1,,,1001,,,,,,,,,,,,,,,,
1880,visit_1_y1_arm_1,,,1132,,,,,,,,,,,,,,,,
1880,athome_measures_y1_arm_1,,,,2,3,3,3,3,3,3,2,2,2,2,3,3,3,2,2
1883,visit_1_y1_arm_1,,,2126,,,,,,,,,,,,,,,,
1883,athome_measures_y1_arm_1,,,,4,5,1,2,3,4,5,4,3,2,1,2,3,4,5,3
1884,visit_1_y1_arm_1,,,2125,,,,,,,,,,,,,,,,
1884,athome_measures_y1_arm_1,,,,3,3,3,3,3,4,3,3,2,5,3,3,3,3,3,3
1908,visit_1_y1_arm_1,,,2128,,,,,,,,,,,,,,,,
1908,athome_measures_y1_arm_1,,,,3,5,3,1,5,5,3,5,2,5,4,1,1,5,2,4
1926,visit_1_y1_arm_1,,,1131,,,,,,,,,,,,,,,,
1926,athome_measures_y1_arm_1,,,,2,3,2,2,2,3,3,3,2,2,2,2,2,3,2,2
1927,visit_1_y1_arm_1,,,1130,,,,,,,,,,,,,,,,
1929,visit_1_y1_arm_1,,,,,,,,,,,,,,,,,,,
1932,visit_1_y1_arm_1,,,,,,,,,,,,,,,,,,,
1944,visit_1_y1_arm_1,,,,,,,,,,,,,,,,,,,
1945,visit_1_y1_arm_1,,,,,,,,,,,,,,,,,,,
1946,visit_1_y1_arm_1,,,,,,,,,,,,,,,,,,,
1947,visit_1_y1_arm_1,,,,,,,,,,,,,,,,,,,
1957,visit_1_y1_arm_1,,,,,,,,,,,,,,,,,,,